Model,RMSE_original,RMSE_tuned,RMSE_Improvement_%
XGBoost,212131.2310228795,73224.22282260573,65.48163961076148
